Estacion,M_mm,Duracion_min,T2,T5,T10,T20,T50,T100
Cucharo palermo,95.54,10,152.91,180.33,204.3,231.44,272.95,309.22
Cucharo palermo,95.54,20,96.78,114.13,129.29,146.48,172.74,195.7
Cucharo palermo,95.54,30,74.05,87.33,98.94,112.08,132.18,149.75
Cucharo palermo,95.54,45,56.67,66.83,75.71,85.77,101.15,114.59
Cucharo palermo,95.54,60,46.87,55.27,62.62,70.94,83.66,94.77
Cucharo palermo,95.54,90,35.86,42.29,47.91,54.28,64.01,72.52
Cucharo palermo,95.54,120,29.66,34.98,39.63,44.89,52.94,59.98
Cucharo palermo,95.54,150,25.6,30.19,34.2,38.75,45.69,51.77
Cucharo palermo,95.54,180,22.7,26.77,30.32,34.35,40.51,45.9
