Estacion,Anio,MaxAnual,Pct_faltante,Estado
Acevedo,1971,,18.1,DESCARTADO_OMM
Acevedo,1972,43.0,0.0,VALIDO
Acevedo,1973,46.0,0.0,VALIDO
Acevedo,1974,79.0,0.0,VALIDO
Acevedo,1975,96.0,0.3,VALIDO
Acevedo,1976,74.0,0.0,VALIDO
Acevedo,1977,106.0,8.5,VALIDO
Acevedo,1978,70.0,0.0,VALIDO
Acevedo,1979,60.0,0.0,VALIDO
Acevedo,1980,80.0,0.0,VALIDO
Acevedo,1981,80.0,0.0,VALIDO
Acevedo,1982,80.0,0.0,VALIDO
Acevedo,1983,96.0,0.0,VALIDO
Acevedo,1984,52.0,0.5,VALIDO
Acevedo,1985,42.0,0.0,VALIDO
Acevedo,1986,95.0,0.0,VALIDO
Acevedo,1987,75.0,0.0,VALIDO
Acevedo,1988,80.0,0.3,VALIDO
Acevedo,1989,105.0,0.0,VALIDO
Acevedo,1990,60.0,0.0,VALIDO
Acevedo,1991,135.0,0.0,VALIDO
Acevedo,1992,50.0,0.0,VALIDO
Acevedo,1993,49.0,0.0,VALIDO
Acevedo,1994,48.0,0.0,VALIDO
Acevedo,1995,55.0,0.0,VALIDO
Acevedo,1996,45.0,0.5,VALIDO
Acevedo,1997,62.0,0.0,VALIDO
Acevedo,1998,32.0,0.0,VALIDO
Acevedo,1999,,29.9,DESCARTADO_OMM
Acevedo,2000,95.0,0.0,VALIDO
Acevedo,2001,60.0,0.0,VALIDO
Acevedo,2002,72.0,0.0,VALIDO
Acevedo,2003,40.0,0.0,VALIDO
Acevedo,2004,60.0,0.0,VALIDO
Acevedo,2005,110.0,0.0,VALIDO
Acevedo,2006,36.0,0.0,VALIDO
Acevedo,2007,80.0,0.0,VALIDO
Acevedo,2008,80.0,0.0,VALIDO
Acevedo,2009,42.0,0.0,VALIDO
Acevedo,2010,41.0,1.4,VALIDO
Acevedo,2011,49.0,0.0,VALIDO
Acevedo,2012,55.0,8.2,VALIDO
Acevedo,2013,68.0,0.3,VALIDO
Acevedo,2014,40.0,1.6,VALIDO
Acevedo,2015,56.0,0.3,VALIDO
Acevedo,2016,73.0,0.0,VALIDO
Acevedo,2017,75.0,0.0,VALIDO
Acevedo,2018,58.0,8.8,VALIDO
Acevedo,2019,45.0,0.3,VALIDO
Acevedo,2020,94.0,0.0,VALIDO
Acevedo,2021,50.0,0.0,VALIDO
Aeropuerto benito salas,1971,111.3,8.2,VALIDO
Aeropuerto benito salas,1972,76.8,0.0,VALIDO
Aeropuerto benito salas,1973,98.4,0.0,VALIDO
Aeropuerto benito salas,1974,100.9,0.0,VALIDO
Aeropuerto benito salas,1975,84.9,0.0,VALIDO
Aeropuerto benito salas,1976,86.5,0.0,VALIDO
Aeropuerto benito salas,1977,72.3,0.0,VALIDO
Aeropuerto benito salas,1978,90.4,8.2,VALIDO
Aeropuerto benito salas,1979,94.5,0.0,VALIDO
Aeropuerto benito salas,1980,87.1,0.0,VALIDO
Aeropuerto benito salas,1981,76.7,0.0,VALIDO
Aeropuerto benito salas,1982,83.3,0.0,VALIDO
Aeropuerto benito salas,1983,80.8,0.0,VALIDO
Aeropuerto benito salas,1984,116.5,0.0,VALIDO
Aeropuerto benito salas,1985,108.7,0.0,VALIDO
Aeropuerto benito salas,1986,82.8,0.0,VALIDO
Aeropuerto benito salas,1987,89.5,0.0,VALIDO
Aeropuerto benito salas,1988,70.3,8.5,VALIDO
Aeropuerto benito salas,1989,83.9,0.0,VALIDO
Aeropuerto benito salas,1990,142.3,0.0,VALIDO
Aeropuerto benito salas,1991,55.2,0.0,VALIDO
Aeropuerto benito salas,1992,98.3,0.0,VALIDO
Aeropuerto benito salas,1993,107.3,0.0,VALIDO
Aeropuerto benito salas,1994,156.5,0.0,VALIDO
Aeropuerto benito salas,1995,72.5,0.0,VALIDO
Aeropuerto benito salas,1996,99.8,0.0,VALIDO
Aeropuerto benito salas,1997,63.7,0.0,VALIDO
Aeropuerto benito salas,1998,70.7,0.3,VALIDO
Aeropuerto benito salas,1999,130.0,0.0,VALIDO
Aeropuerto benito salas,2000,73.2,0.0,VALIDO
Aeropuerto benito salas,2001,84.0,0.0,VALIDO
Aeropuerto benito salas,2002,96.2,0.0,VALIDO
Aeropuerto benito salas,2003,74.8,0.0,VALIDO
Aeropuerto benito salas,2004,69.3,0.0,VALIDO
Aeropuerto benito salas,2005,86.3,0.0,VALIDO
Aeropuerto benito salas,2006,85.0,0.0,VALIDO
Aeropuerto benito salas,2007,96.0,0.0,VALIDO
Aeropuerto benito salas,2008,89.1,0.0,VALIDO
Aeropuerto benito salas,2009,70.2,0.0,VALIDO
Aeropuerto benito salas,2010,83.0,0.0,VALIDO
Aeropuerto benito salas,2011,81.3,0.0,VALIDO
Aeropuerto benito salas,2012,100.5,0.3,VALIDO
Aeropuerto benito salas,2013,89.7,0.0,VALIDO
Aeropuerto benito salas,2014,78.9,0.0,VALIDO
Aeropuerto benito salas,2015,50.6,0.0,VALIDO
Aeropuerto benito salas,2016,119.8,0.0,VALIDO
Aeropuerto benito salas,2017,143.8,0.0,VALIDO
Aeropuerto benito salas,2018,79.5,0.0,VALIDO
Aeropuerto benito salas,2019,70.5,0.0,VALIDO
Aeropuerto benito salas,2020,126.4,0.3,VALIDO
Aeropuerto benito salas,2021,127.0,0.0,VALIDO
Algeciras,1971,,28.2,DESCARTADO_OMM
Algeciras,1972,51.7,0.0,VALIDO
Algeciras,1973,54.6,0.0,VALIDO
Algeciras,1974,117.9,0.0,VALIDO
Algeciras,1975,63.2,0.0,VALIDO
Algeciras,1976,58.4,8.2,VALIDO
Algeciras,1977,78.1,0.5,VALIDO
Algeciras,1978,90.1,1.9,VALIDO
Algeciras,1979,,12.1,DESCARTADO_OMM
Algeciras,1980,52.5,0.8,VALIDO
Algeciras,1981,56.0,3.6,VALIDO
Algeciras,1982,,12.3,DESCARTADO_OMM
Algeciras,1983,106.6,0.5,VALIDO
Algeciras,1984,64.8,3.8,VALIDO
Algeciras,1985,,12.6,DESCARTADO_OMM
Algeciras,1986,,77.5,DESCARTADO_OMM
Algeciras,1987,70.9,8.8,VALIDO
Algeciras,1988,60.6,0.0,VALIDO
Algeciras,1989,36.5,0.0,VALIDO
Algeciras,1990,49.2,0.0,VALIDO
Algeciras,1991,64.5,0.5,VALIDO
Algeciras,1992,92.8,0.3,VALIDO
Algeciras,1993,63.0,0.3,VALIDO
Algeciras,1994,28.4,0.0,VALIDO
Algeciras,1995,40.6,0.0,VALIDO
Algeciras,1996,132.4,0.0,VALIDO
Algeciras,1997,92.7,0.0,VALIDO
Algeciras,1998,123.8,8.5,VALIDO
Algeciras,1999,65.6,0.0,VALIDO
Algeciras,2000,41.9,0.0,VALIDO
Algeciras,2001,75.1,0.0,VALIDO
Algeciras,2002,50.8,0.0,VALIDO
Algeciras,2003,60.3,0.3,VALIDO
Algeciras,2004,95.0,0.0,VALIDO
Algeciras,2005,52.7,0.0,VALIDO
Algeciras,2006,84.5,0.0,VALIDO
Algeciras,2007,64.7,0.0,VALIDO
Algeciras,2008,85.0,0.0,VALIDO
Algeciras,2009,54.6,0.3,VALIDO
Algeciras,2010,94.5,0.0,VALIDO
Algeciras,2011,96.2,0.5,VALIDO
Algeciras,2012,,66.9,DESCARTADO_OMM
Algeciras,2014,,52.6,DESCARTADO_OMM
Algeciras,2015,,52.6,DESCARTADO_OMM
Algeciras,2018,,70.1,DESCARTADO_OMM
Algeciras,2019,,55.3,DESCARTADO_OMM
Algeciras,2020,,84.7,DESCARTADO_OMM
Antena TV-agrado,1971,,48.5,DESCARTADO_OMM
Antena TV-agrado,1972,106.0,0.0,VALIDO
Antena TV-agrado,1973,57.0,0.0,VALIDO
Antena TV-agrado,1974,,24.9,DESCARTADO_OMM
Antena TV-agrado,1975,70.0,0.0,VALIDO
Antena TV-agrado,1976,80.0,0.0,VALIDO
Antena TV-agrado,1977,160.0,0.0,VALIDO
Antena TV-agrado,1978,45.0,0.3,VALIDO
Antena TV-agrado,1979,90.0,0.0,VALIDO
Antena TV-agrado,1980,60.0,8.7,VALIDO
Antena TV-agrado,1981,125.0,0.0,VALIDO
Antena TV-agrado,1982,80.0,1.4,VALIDO
Antena TV-agrado,1983,74.0,0.0,VALIDO
Antena TV-agrado,1984,106.0,0.0,VALIDO
Antena TV-agrado,1985,102.0,1.4,VALIDO
Antena TV-agrado,1986,135.0,0.0,VALIDO
Antena TV-agrado,1987,102.0,0.0,VALIDO
Antena TV-agrado,1988,105.0,0.0,VALIDO
Antena TV-agrado,1989,106.0,0.0,VALIDO
Antena TV-agrado,1990,89.0,0.0,VALIDO
Antena TV-agrado,1991,80.0,0.0,VALIDO
Antena TV-agrado,1992,67.0,0.0,VALIDO
Antena TV-agrado,1993,69.0,0.8,VALIDO
Antena TV-agrado,1994,101.0,0.0,VALIDO
Antena TV-agrado,1995,78.0,0.0,VALIDO
Antena TV-agrado,1996,80.0,0.0,VALIDO
Antena TV-agrado,1997,87.0,0.0,VALIDO
Antena TV-agrado,1998,138.0,0.0,VALIDO
Antena TV-agrado,1999,87.0,0.0,VALIDO
Antena TV-agrado,2000,92.0,0.0,VALIDO
Antena TV-agrado,2001,124.0,0.0,VALIDO
Antena TV-agrado,2002,75.0,0.0,VALIDO
Antena TV-agrado,2003,125.0,0.0,VALIDO
Antena TV-agrado,2004,108.0,0.0,VALIDO
Antena TV-agrado,2005,84.0,0.0,VALIDO
Antena TV-agrado,2006,99.0,0.0,VALIDO
Antena TV-agrado,2007,,32.9,DESCARTADO_OMM
Antena TV-agrado,2008,91.0,0.0,VALIDO
Antena TV-agrado,2009,121.0,0.0,VALIDO
Antena TV-agrado,2010,117.0,0.0,VALIDO
Antena TV-agrado,2011,83.0,0.0,VALIDO
Antena TV-agrado,2012,119.0,0.3,VALIDO
Antena TV-agrado,2013,120.0,0.0,VALIDO
Antena TV-agrado,2014,110.0,0.0,VALIDO
Antena TV-agrado,2015,73.0,0.0,VALIDO
Antena TV-agrado,2016,83.0,0.0,VALIDO
Antena TV-agrado,2017,102.0,0.0,VALIDO
Antena TV-agrado,2018,120.0,0.0,VALIDO
Antena TV-agrado,2019,105.0,0.3,VALIDO
Antena TV-agrado,2020,100.0,0.0,VALIDO
Antena TV-agrado,2021,110.0,0.0,VALIDO
Baraya,1971,106.0,0.0,VALIDO
Baraya,1972,92.0,0.0,VALIDO
Baraya,1973,102.0,8.2,VALIDO
Baraya,1974,71.0,8.2,VALIDO
Baraya,1975,74.0,2.5,VALIDO
Baraya,1976,,33.1,DESCARTADO_OMM
Baraya,1977,88.0,8.5,VALIDO
Baraya,1978,82.0,0.0,VALIDO
Baraya,1979,70.0,0.0,VALIDO
Baraya,1980,79.0,0.0,VALIDO
Baraya,1981,69.0,0.0,VALIDO
Baraya,1982,100.0,4.4,VALIDO
Baraya,1983,67.0,0.0,VALIDO
Baraya,1984,102.0,0.0,VALIDO
Baraya,1985,79.0,0.0,VALIDO
Baraya,1986,87.0,0.5,VALIDO
Baraya,1987,85.0,0.3,VALIDO
Baraya,1988,73.0,0.0,VALIDO
Baraya,1989,45.0,0.0,VALIDO
Baraya,1990,50.0,8.5,VALIDO
Baraya,1991,78.0,0.0,VALIDO
Baraya,1992,46.0,0.8,VALIDO
Baraya,1993,75.0,0.8,VALIDO
Baraya,1994,53.0,0.8,VALIDO
Baraya,1995,70.0,0.0,VALIDO
Baraya,1996,49.0,0.0,VALIDO
Baraya,1997,80.0,0.0,VALIDO
Baraya,1998,80.0,0.0,VALIDO
Baraya,1999,80.0,0.0,VALIDO
Baraya,2000,55.0,0.0,VALIDO
Baraya,2001,74.0,0.0,VALIDO
Baraya,2002,47.0,0.0,VALIDO
Baraya,2003,85.0,0.0,VALIDO
Baraya,2004,81.0,0.0,VALIDO
Baraya,2005,66.0,0.0,VALIDO
Baraya,2006,65.0,0.0,VALIDO
Baraya,2007,105.0,0.0,VALIDO
Baraya,2008,99.0,0.0,VALIDO
Baraya,2009,89.0,0.0,VALIDO
Baraya,2010,86.0,0.0,VALIDO
Baraya,2011,67.0,0.0,VALIDO
Baraya,2012,78.0,0.0,VALIDO
Baraya,2013,56.0,0.3,VALIDO
Baraya,2014,58.0,0.0,VALIDO
Baraya,2015,31.0,0.3,VALIDO
Baraya,2016,91.0,0.0,VALIDO
Baraya,2017,41.0,0.0,VALIDO
Baraya,2018,80.0,0.0,VALIDO
Baraya,2019,62.0,0.0,VALIDO
Baraya,2020,68.0,0.0,VALIDO
Baraya,2021,66.0,0.0,VALIDO
CarmenSantaMaria,1971,65.0,0.0,VALIDO
CarmenSantaMaria,1972,71.0,8.7,VALIDO
CarmenSantaMaria,1973,104.0,0.0,VALIDO
CarmenSantaMaria,1974,121.0,0.0,VALIDO
CarmenSantaMaria,1975,65.0,0.0,VALIDO
CarmenSantaMaria,1976,144.0,0.0,VALIDO
CarmenSantaMaria,1977,65.0,0.0,VALIDO
CarmenSantaMaria,1978,,16.7,DESCARTADO_OMM
CarmenSantaMaria,1979,76.0,0.0,VALIDO
CarmenSantaMaria,1980,113.0,0.0,VALIDO
CarmenSantaMaria,1981,76.0,8.5,VALIDO
CarmenSantaMaria,1982,162.0,0.0,VALIDO
CarmenSantaMaria,1983,144.0,0.0,VALIDO
CarmenSantaMaria,1984,86.0,0.3,VALIDO
CarmenSantaMaria,1985,63.0,0.0,VALIDO
CarmenSantaMaria,1986,110.0,0.0,VALIDO
CarmenSantaMaria,1987,96.0,0.0,VALIDO
CarmenSantaMaria,1988,68.0,0.0,VALIDO
CarmenSantaMaria,1989,108.0,0.8,VALIDO
CarmenSantaMaria,1990,52.0,2.7,VALIDO
CarmenSantaMaria,1991,96.0,0.5,VALIDO
CarmenSantaMaria,1992,90.0,0.0,VALIDO
CarmenSantaMaria,1993,63.0,0.3,VALIDO
CarmenSantaMaria,1994,55.0,0.0,VALIDO
CarmenSantaMaria,1995,65.0,0.0,VALIDO
CarmenSantaMaria,1996,140.0,0.8,VALIDO
CarmenSantaMaria,1997,40.0,0.0,VALIDO
CarmenSantaMaria,1998,51.0,0.0,VALIDO
CarmenSantaMaria,1999,60.0,0.0,VALIDO
CarmenSantaMaria,2000,135.0,1.1,VALIDO
CarmenSantaMaria,2001,70.0,0.0,VALIDO
CarmenSantaMaria,2002,55.0,8.2,VALIDO
CarmenSantaMaria,2003,102.0,0.0,VALIDO
CarmenSantaMaria,2004,,10.4,DESCARTADO_OMM
CarmenSantaMaria,2005,114.0,0.0,VALIDO
CarmenSantaMaria,2006,75.0,8.2,VALIDO
CarmenSantaMaria,2007,50.0,0.0,VALIDO
CarmenSantaMaria,2008,115.0,0.0,VALIDO
CarmenSantaMaria,2009,52.0,0.0,VALIDO
CarmenSantaMaria,2010,90.0,0.0,VALIDO
CarmenSantaMaria,2011,99.0,0.0,VALIDO
CarmenSantaMaria,2012,66.0,0.0,VALIDO
CarmenSantaMaria,2013,128.0,0.3,VALIDO
CarmenSantaMaria,2014,65.0,0.0,VALIDO
CarmenSantaMaria,2015,65.0,0.0,VALIDO
CarmenSantaMaria,2016,56.0,0.0,VALIDO
CarmenSantaMaria,2017,100.0,0.0,VALIDO
CarmenSantaMaria,2018,60.0,0.0,VALIDO
CarmenSantaMaria,2019,130.0,1.1,VALIDO
CarmenSantaMaria,2020,,33.6,DESCARTADO_OMM
CarmenSantaMaria,2021,90.0,1.6,VALIDO
Cucharo palermo,1971,,16.7,DESCARTADO_OMM
Cucharo palermo,1975,,41.4,DESCARTADO_OMM
Cucharo palermo,1976,82.0,0.0,VALIDO
Cucharo palermo,1977,,91.5,DESCARTADO_OMM
Cucharo palermo,1978,,77.5,DESCARTADO_OMM
Cucharo palermo,1979,,21.9,DESCARTADO_OMM
Cucharo palermo,1980,,21.0,DESCARTADO_OMM
Cucharo palermo,1981,94.0,0.0,VALIDO
Cucharo palermo,1982,95.0,0.0,VALIDO
Cucharo palermo,1983,,31.5,DESCARTADO_OMM
Cucharo palermo,1984,116.0,0.0,VALIDO
Cucharo palermo,1985,63.0,0.0,VALIDO
Cucharo palermo,1986,120.0,0.0,VALIDO
Cucharo palermo,1987,140.0,0.3,VALIDO
Cucharo palermo,1988,115.0,0.0,VALIDO
Cucharo palermo,1989,92.0,6.6,VALIDO
Cucharo palermo,1990,128.0,1.1,VALIDO
Cucharo palermo,1991,125.0,3.6,VALIDO
Cucharo palermo,1992,135.0,0.0,VALIDO
Cucharo palermo,1993,83.0,0.0,VALIDO
Cucharo palermo,1994,134.0,0.0,VALIDO
Cucharo palermo,1995,84.0,0.0,VALIDO
Cucharo palermo,1996,73.0,0.0,VALIDO
Cucharo palermo,1997,68.0,0.0,VALIDO
Cucharo palermo,1998,75.0,0.0,VALIDO
Cucharo palermo,1999,107.0,0.0,VALIDO
Cucharo palermo,2000,73.0,0.0,VALIDO
Cucharo palermo,2001,80.0,0.0,VALIDO
Cucharo palermo,2002,99.0,0.0,VALIDO
Cucharo palermo,2003,80.0,0.0,VALIDO
Cucharo palermo,2004,100.0,0.0,VALIDO
Cucharo palermo,2005,72.0,0.0,VALIDO
Cucharo palermo,2006,121.4,0.0,VALIDO
Cucharo palermo,2007,82.0,0.0,VALIDO
Cucharo palermo,2008,91.0,0.0,VALIDO
Cucharo palermo,2009,,16.7,DESCARTADO_OMM
Cucharo palermo,2010,130.0,0.3,VALIDO
Cucharo palermo,2011,103.0,0.0,VALIDO
Cucharo palermo,2012,103.0,0.0,VALIDO
Cucharo palermo,2013,86.0,0.0,VALIDO
Cucharo palermo,2014,61.0,0.0,VALIDO
Cucharo palermo,2015,70.0,0.0,VALIDO
Cucharo palermo,2016,76.0,0.0,VALIDO
Cucharo palermo,2017,90.0,0.0,VALIDO
Cucharo palermo,2018,90.0,8.8,VALIDO
Cucharo palermo,2019,85.0,0.0,VALIDO
Cucharo palermo,2020,112.0,0.0,VALIDO
Cucharo palermo,2021,88.0,0.0,VALIDO
EscuelaAgricola,1971,68.4,2.2,VALIDO
EscuelaAgricola,1972,53.8,0.0,VALIDO
EscuelaAgricola,1973,133.2,0.0,VALIDO
EscuelaAgricola,1974,111.6,6.6,VALIDO
EscuelaAgricola,1975,71.0,0.8,VALIDO
EscuelaAgricola,1976,45.0,0.0,VALIDO
EscuelaAgricola,1977,40.3,0.0,VALIDO
EscuelaAgricola,1978,44.5,0.8,VALIDO
EscuelaAgricola,1979,77.2,1.4,VALIDO
EscuelaAgricola,1980,57.0,4.9,VALIDO
EscuelaAgricola,1981,72.6,9.0,VALIDO
EscuelaAgricola,1982,64.6,2.2,VALIDO
EscuelaAgricola,1983,,13.7,DESCARTADO_OMM
EscuelaAgricola,1984,55.8,9.0,VALIDO
EscuelaAgricola,1985,61.2,1.6,VALIDO
EscuelaAgricola,1986,,12.6,DESCARTADO_OMM
EscuelaAgricola,1987,64.3,0.0,VALIDO
EscuelaAgricola,1988,66.8,9.0,VALIDO
EscuelaAgricola,1989,89.0,7.7,VALIDO
EscuelaAgricola,1990,,23.8,DESCARTADO_OMM
EscuelaAgricola,1991,,11.2,DESCARTADO_OMM
EscuelaAgricola,1992,,11.5,DESCARTADO_OMM
EscuelaAgricola,1993,64.3,0.0,VALIDO
EscuelaAgricola,1994,70.9,0.3,VALIDO
EscuelaAgricola,1995,120.8,0.0,VALIDO
EscuelaAgricola,1996,83.6,0.3,VALIDO
EscuelaAgricola,1997,59.6,0.0,VALIDO
EscuelaAgricola,1998,72.9,0.0,VALIDO
EscuelaAgricola,1999,155.8,0.3,VALIDO
EscuelaAgricola,2000,115.4,1.1,VALIDO
EscuelaAgricola,2001,74.7,0.0,VALIDO
EscuelaAgricola,2002,37.4,0.0,VALIDO
EscuelaAgricola,2003,62.7,0.3,VALIDO
EscuelaAgricola,2004,97.7,0.0,VALIDO
EscuelaAgricola,2005,62.8,0.0,VALIDO
EscuelaAgricola,2006,52.6,0.0,VALIDO
EscuelaAgricola,2007,50.0,0.0,VALIDO
EscuelaAgricola,2008,61.6,3.3,VALIDO
EscuelaAgricola,2009,74.3,0.0,VALIDO
EscuelaAgricola,2010,51.8,0.0,VALIDO
EscuelaAgricola,2011,63.5,0.0,VALIDO
EscuelaAgricola,2012,69.0,1.9,VALIDO
EscuelaAgricola,2013,95.5,0.5,VALIDO
EscuelaAgricola,2014,65.4,8.5,VALIDO
EscuelaAgricola,2015,48.4,0.0,VALIDO
EscuelaAgricola,2016,72.5,0.0,VALIDO
EscuelaAgricola,2017,69.5,0.0,VALIDO
EscuelaAgricola,2018,68.6,1.6,VALIDO
EscuelaAgricola,2019,53.8,3.6,VALIDO
EscuelaAgricola,2020,72.4,0.3,VALIDO
EscuelaAgricola,2021,128.7,0.0,VALIDO
Garzon,1971,,24.7,DESCARTADO_OMM
Garzon,1972,19.0,0.0,VALIDO
Garzon,1973,23.0,0.0,VALIDO
Garzon,1974,25.0,0.0,VALIDO
Garzon,1976,71.0,0.0,VALIDO
Garzon,1977,25.0,0.0,VALIDO
Garzon,1978,60.0,0.0,VALIDO
Garzon,1979,32.0,0.0,VALIDO
Garzon,1980,45.0,0.0,VALIDO
Garzon,1981,34.0,0.0,VALIDO
Garzon,1982,55.0,0.0,VALIDO
Garzon,1983,26.0,0.0,VALIDO
Garzon,1984,56.0,0.0,VALIDO
Garzon,1985,64.0,0.0,VALIDO
Garzon,1986,75.0,0.0,VALIDO
Garzon,1987,62.0,0.0,VALIDO
Garzon,1988,31.0,0.0,VALIDO
Garzon,1989,57.0,0.0,VALIDO
Garzon,1990,78.0,0.0,VALIDO
Garzon,1991,84.0,0.0,VALIDO
Garzon,1992,73.0,0.3,VALIDO
Garzon,1993,54.0,0.0,VALIDO
Garzon,1994,63.0,0.0,VALIDO
Garzon,1995,39.0,0.0,VALIDO
Garzon,1996,72.0,0.0,VALIDO
Garzon,1997,39.0,0.0,VALIDO
Garzon,1998,88.0,0.0,VALIDO
Garzon,1999,66.0,0.0,VALIDO
Garzon,2000,56.0,0.0,VALIDO
Garzon,2001,45.0,0.0,VALIDO
Garzon,2002,58.0,0.0,VALIDO
Garzon,2003,60.0,0.0,VALIDO
Garzon,2004,75.0,0.0,VALIDO
Garzon,2005,57.0,0.0,VALIDO
Garzon,2006,92.0,0.0,VALIDO
Garzon,2007,50.0,0.3,VALIDO
Garzon,2008,70.0,0.0,VALIDO
Garzon,2009,63.0,0.0,VALIDO
Garzon,2010,52.0,0.0,VALIDO
Garzon,2011,60.0,0.0,VALIDO
Garzon,2012,72.0,0.8,VALIDO
Garzon,2013,82.0,0.0,VALIDO
Garzon,2014,62.0,0.3,VALIDO
Garzon,2015,48.0,0.0,VALIDO
Garzon,2016,58.0,0.5,VALIDO
Garzon,2017,95.0,0.0,VALIDO
Garzon,2018,46.0,0.0,VALIDO
Garzon,2019,49.0,0.0,VALIDO
Garzon,2020,29.0,0.5,VALIDO
Garzon,2021,61.0,0.0,VALIDO
Gigante,1971,,28.5,DESCARTADO_OMM
Gigante,1972,40.0,0.0,VALIDO
Gigante,1973,39.0,0.0,VALIDO
Gigante,1974,30.0,0.0,VALIDO
Gigante,1975,90.0,0.0,VALIDO
Gigante,1976,136.0,0.0,VALIDO
Gigante,1977,74.0,0.0,VALIDO
Gigante,1978,45.0,0.0,VALIDO
Gigante,1979,72.0,0.0,VALIDO
Gigante,1980,103.0,0.0,VALIDO
Gigante,1981,40.0,6.8,VALIDO
Gigante,1982,68.0,3.6,VALIDO
Gigante,1983,60.0,0.0,VALIDO
Gigante,1984,46.0,0.0,VALIDO
Gigante,1985,61.0,0.0,VALIDO
Gigante,1986,106.0,0.0,VALIDO
Gigante,1987,75.0,0.0,VALIDO
Gigante,1988,48.0,0.0,VALIDO
Gigante,1989,87.0,0.3,VALIDO
Gigante,1990,40.0,0.0,VALIDO
Gigante,1991,57.0,0.0,VALIDO
Gigante,1992,75.0,0.0,VALIDO
Gigante,1993,50.0,0.0,VALIDO
Gigante,1994,48.0,0.3,VALIDO
Gigante,1995,52.0,0.0,VALIDO
Gigante,1996,88.0,0.0,VALIDO
Gigante,1997,62.0,0.0,VALIDO
Gigante,1998,90.0,0.0,VALIDO
Gigante,1999,56.0,0.0,VALIDO
Gigante,2000,50.0,0.0,VALIDO
Gigante,2001,40.0,0.0,VALIDO
Gigante,2002,43.0,0.0,VALIDO
Gigante,2003,49.0,0.0,VALIDO
Gigante,2004,40.0,0.0,VALIDO
Gigante,2005,134.0,0.0,VALIDO
Gigante,2006,90.0,0.0,VALIDO
Gigante,2007,65.0,0.0,VALIDO
Gigante,2008,54.0,0.0,VALIDO
Gigante,2009,80.0,0.0,VALIDO
Gigante,2010,61.0,0.0,VALIDO
Gigante,2011,66.0,0.0,VALIDO
Gigante,2012,53.0,0.0,VALIDO
Gigante,2013,64.0,0.0,VALIDO
Gigante,2014,64.0,0.0,VALIDO
Gigante,2015,42.0,0.0,VALIDO
Gigante,2016,66.0,0.0,VALIDO
Gigante,2017,66.0,0.0,VALIDO
Gigante,2018,43.0,0.0,VALIDO
Gigante,2019,65.0,0.0,VALIDO
Gigante,2020,58.0,0.0,VALIDO
Gigante,2021,44.0,0.3,VALIDO
Guadalupe,1971,53.0,0.0,VALIDO
Guadalupe,1972,70.0,0.0,VALIDO
Guadalupe,1973,90.0,0.0,VALIDO
Guadalupe,1974,70.0,0.0,VALIDO
Guadalupe,1975,65.0,0.0,VALIDO
Guadalupe,1976,76.0,0.0,VALIDO
Guadalupe,1977,40.0,0.0,VALIDO
Guadalupe,1978,50.0,0.0,VALIDO
Guadalupe,1979,100.0,0.0,VALIDO
Guadalupe,1980,38.0,0.5,VALIDO
Guadalupe,1981,70.0,0.0,VALIDO
Guadalupe,1982,100.0,0.0,VALIDO
Guadalupe,1983,70.0,0.0,VALIDO
Guadalupe,1984,45.0,0.0,VALIDO
Guadalupe,1985,130.0,0.0,VALIDO
Guadalupe,1986,35.0,0.0,VALIDO
Guadalupe,1987,80.0,0.0,VALIDO
Guadalupe,1988,140.0,0.0,VALIDO
Guadalupe,1989,112.0,0.0,VALIDO
Guadalupe,1990,50.0,0.0,VALIDO
Guadalupe,1991,60.0,0.0,VALIDO
Guadalupe,1992,50.0,0.0,VALIDO
Guadalupe,1993,65.0,0.0,VALIDO
Guadalupe,1994,80.0,0.0,VALIDO
Guadalupe,1995,70.0,0.0,VALIDO
Guadalupe,1996,60.0,0.0,VALIDO
Guadalupe,1997,35.0,0.0,VALIDO
Guadalupe,1998,125.0,0.0,VALIDO
Guadalupe,1999,80.0,0.0,VALIDO
Guadalupe,2000,60.0,0.0,VALIDO
Guadalupe,2001,75.0,0.0,VALIDO
Guadalupe,2002,70.0,0.0,VALIDO
Guadalupe,2003,60.0,0.0,VALIDO
Guadalupe,2004,60.0,0.0,VALIDO
Guadalupe,2005,115.0,0.0,VALIDO
Guadalupe,2006,120.0,0.0,VALIDO
Guadalupe,2007,60.0,0.0,VALIDO
Guadalupe,2008,75.0,0.0,VALIDO
Guadalupe,2009,90.0,0.0,VALIDO
Guadalupe,2010,85.0,0.0,VALIDO
Guadalupe,2011,60.0,0.0,VALIDO
Guadalupe,2012,90.0,0.5,VALIDO
Guadalupe,2013,50.0,2.5,VALIDO
Guadalupe,2014,50.0,5.5,VALIDO
Guadalupe,2015,70.0,1.9,VALIDO
Guadalupe,2016,,12.0,DESCARTADO_OMM
Guadalupe,2017,,16.4,DESCARTADO_OMM
Guadalupe,2018,,21.4,DESCARTADO_OMM
Guadalupe,2019,95.0,8.2,VALIDO
Guadalupe,2020,80.0,3.0,VALIDO
Guadalupe,2021,125.0,6.6,VALIDO
Hato-bogota,1971,101.0,0.0,VALIDO
Hato-bogota,1979,75.0,4.1,VALIDO
Hato-bogota,1980,90.0,0.0,VALIDO
Hato-bogota,1981,100.0,0.0,VALIDO
Hato-bogota,1982,105.0,0.0,VALIDO
Hato-bogota,1983,85.0,0.0,VALIDO
Hato-bogota,1984,85.0,0.0,VALIDO
Hato-bogota,1985,50.0,0.0,VALIDO
Hato-bogota,1986,89.0,0.0,VALIDO
Hato-bogota,1987,140.0,0.0,VALIDO
Hato-bogota,1988,60.0,0.0,VALIDO
Hato-bogota,1989,80.0,0.0,VALIDO
Hato-bogota,1990,74.0,0.0,VALIDO
Hato-bogota,1991,100.0,0.0,VALIDO
Hato-bogota,1992,60.0,1.9,VALIDO
Hato-bogota,1993,130.0,8.2,VALIDO
Hato-bogota,1994,73.0,0.0,VALIDO
Hato-bogota,1995,92.0,0.0,VALIDO
Hato-bogota,1996,64.0,0.0,VALIDO
Hato-bogota,1997,83.0,0.0,VALIDO
Hato-bogota,1998,120.0,0.8,VALIDO
Hato-bogota,1999,173.0,0.0,VALIDO
Hato-bogota,2000,92.0,0.0,VALIDO
Hato-bogota,2001,96.0,0.0,VALIDO
Hato-bogota,2002,70.0,8.5,VALIDO
Hato-bogota,2003,92.0,0.0,VALIDO
Hato-bogota,2004,95.0,0.0,VALIDO
Hato-bogota,2005,102.0,0.0,VALIDO
Hato-bogota,2006,131.0,0.0,VALIDO
Hato-bogota,2007,120.0,0.0,VALIDO
Hato-bogota,2008,115.0,8.5,VALIDO
Hato-bogota,2009,70.0,0.0,VALIDO
Hato-bogota,2010,87.0,0.0,VALIDO
Hato-bogota,2011,86.0,0.0,VALIDO
Hato-bogota,2012,92.0,0.5,VALIDO
Hato-bogota,2013,70.0,0.0,VALIDO
Hato-bogota,2014,71.0,0.0,VALIDO
Hato-bogota,2015,35.0,1.6,VALIDO
Hato-bogota,2016,77.0,0.3,VALIDO
Hato-bogota,2017,57.0,0.0,VALIDO
Hato-bogota,2018,86.0,0.0,VALIDO
Hato-bogota,2019,71.0,0.0,VALIDO
Hato-bogota,2020,66.0,0.0,VALIDO
Hato-bogota,2021,89.0,0.0,VALIDO
hobo,1971,,49.6,DESCARTADO_OMM
hobo,1972,,18.3,DESCARTADO_OMM
hobo,1973,95.0,0.0,VALIDO
hobo,1974,123.0,0.0,VALIDO
hobo,1975,81.0,0.0,VALIDO
hobo,1976,,10.9,DESCARTADO_OMM
hobo,1977,90.0,0.0,VALIDO
hobo,1978,93.0,0.0,VALIDO
hobo,1979,136.0,0.0,VALIDO
hobo,1980,78.0,0.3,VALIDO
hobo,1981,68.0,0.0,VALIDO
hobo,1982,97.0,0.0,VALIDO
hobo,1983,72.0,0.0,VALIDO
hobo,1984,90.0,0.0,VALIDO
hobo,1985,100.0,0.0,VALIDO
hobo,1986,84.0,0.0,VALIDO
hobo,1987,86.0,0.0,VALIDO
hobo,1988,115.0,0.0,VALIDO
hobo,1989,83.0,0.3,VALIDO
hobo,1990,105.0,0.0,VALIDO
hobo,1991,120.0,0.0,VALIDO
hobo,1992,97.0,0.0,VALIDO
hobo,1993,79.0,1.6,VALIDO
hobo,1994,95.0,0.0,VALIDO
hobo,1995,113.0,0.0,VALIDO
hobo,1996,90.0,0.0,VALIDO
hobo,1997,108.0,0.0,VALIDO
hobo,1998,117.0,8.5,VALIDO
hobo,1999,81.0,0.0,VALIDO
hobo,2000,135.0,0.0,VALIDO
hobo,2001,55.0,0.0,VALIDO
hobo,2002,123.0,0.0,VALIDO
hobo,2003,120.0,0.0,VALIDO
hobo,2004,61.0,0.0,VALIDO
hobo,2005,135.0,0.0,VALIDO
hobo,2006,90.0,0.0,VALIDO
hobo,2007,63.0,0.0,VALIDO
hobo,2008,63.0,0.0,VALIDO
hobo,2009,81.0,8.5,VALIDO
hobo,2010,100.0,0.0,VALIDO
hobo,2011,94.0,0.0,VALIDO
hobo,2012,92.0,0.0,VALIDO
hobo,2013,110.0,0.0,VALIDO
hobo,2014,76.0,0.0,VALIDO
hobo,2015,50.0,0.0,VALIDO
hobo,2016,68.0,0.0,VALIDO
hobo,2017,97.0,0.0,VALIDO
hobo,2018,65.0,0.5,VALIDO
hobo,2019,75.0,0.5,VALIDO
hobo,2020,92.0,0.8,VALIDO
hobo,2021,76.0,0.3,VALIDO
insfopal,1971,,16.2,DESCARTADO_OMM
insfopal,1972,54.0,0.0,VALIDO
insfopal,1973,50.0,0.0,VALIDO
insfopal,1974,45.0,0.0,VALIDO
insfopal,1975,60.0,0.0,VALIDO
insfopal,1976,40.0,0.0,VALIDO
insfopal,1977,55.0,0.0,VALIDO
insfopal,1978,41.0,0.0,VALIDO
insfopal,1979,108.0,0.0,VALIDO
insfopal,1980,54.0,8.2,VALIDO
insfopal,1981,49.0,0.0,VALIDO
insfopal,1982,37.0,0.0,VALIDO
insfopal,1983,58.0,0.0,VALIDO
insfopal,1984,49.0,0.0,VALIDO
insfopal,1985,48.0,7.7,VALIDO
insfopal,1986,42.0,0.0,VALIDO
insfopal,1987,55.0,0.0,VALIDO
insfopal,1988,50.0,0.0,VALIDO
insfopal,1989,58.0,0.3,VALIDO
insfopal,1990,143.0,0.0,VALIDO
insfopal,1991,59.0,0.0,VALIDO
insfopal,1992,41.0,0.0,VALIDO
insfopal,1993,54.0,0.0,VALIDO
insfopal,1994,40.0,0.0,VALIDO
insfopal,1995,69.0,0.0,VALIDO
insfopal,1996,60.0,0.0,VALIDO
insfopal,1997,29.0,0.0,VALIDO
insfopal,1998,57.0,0.3,VALIDO
insfopal,1999,59.0,0.0,VALIDO
insfopal,2000,48.0,0.0,VALIDO
insfopal,2001,65.0,0.0,VALIDO
insfopal,2002,50.0,0.0,VALIDO
insfopal,2003,37.8,0.0,VALIDO
insfopal,2004,48.2,0.0,VALIDO
insfopal,2005,45.5,0.0,VALIDO
insfopal,2006,65.0,0.0,VALIDO
insfopal,2007,47.9,0.0,VALIDO
insfopal,2008,61.0,0.0,VALIDO
insfopal,2009,52.0,0.0,VALIDO
insfopal,2010,53.0,0.0,VALIDO
insfopal,2011,63.0,0.0,VALIDO
insfopal,2012,73.0,0.0,VALIDO
insfopal,2013,42.0,1.1,VALIDO
insfopal,2014,52.0,0.5,VALIDO
insfopal,2015,56.0,0.0,VALIDO
insfopal,2016,49.0,0.0,VALIDO
insfopal,2017,61.0,0.8,VALIDO
insfopal,2018,32.0,0.3,VALIDO
insfopal,2019,40.0,0.3,VALIDO
insfopal,2020,58.0,0.8,VALIDO
insfopal,2021,38.0,0.0,VALIDO
jagua,1971,,43.6,DESCARTADO_OMM
jagua,1972,50.0,0.0,VALIDO
jagua,1973,55.0,0.0,VALIDO
jagua,1974,60.0,0.0,VALIDO
jagua,1975,59.0,0.0,VALIDO
jagua,1976,50.0,0.0,VALIDO
jagua,1977,51.0,0.0,VALIDO
jagua,1978,58.0,1.9,VALIDO
jagua,1979,111.0,0.0,VALIDO
jagua,1980,73.0,0.0,VALIDO
jagua,1981,56.0,0.0,VALIDO
jagua,1982,62.0,0.0,VALIDO
jagua,1983,69.0,0.0,VALIDO
jagua,1984,95.0,0.0,VALIDO
jagua,1985,68.0,0.0,VALIDO
jagua,1986,89.0,0.0,VALIDO
jagua,1987,80.0,0.0,VALIDO
jagua,1988,67.0,0.0,VALIDO
jagua,1989,155.0,0.0,VALIDO
jagua,1990,80.0,0.0,VALIDO
jagua,1991,86.0,0.0,VALIDO
jagua,1992,60.0,0.0,VALIDO
jagua,1993,95.0,0.0,VALIDO
jagua,1994,76.0,0.0,VALIDO
jagua,1995,94.0,0.0,VALIDO
jagua,1996,65.0,0.0,VALIDO
jagua,1997,32.0,0.0,VALIDO
jagua,1998,85.0,0.3,VALIDO
jagua,1999,110.0,0.0,VALIDO
jagua,2000,50.0,0.0,VALIDO
jagua,2001,55.0,0.0,VALIDO
jagua,2002,88.0,0.0,VALIDO
jagua,2003,37.0,0.0,VALIDO
jagua,2004,122.0,0.0,VALIDO
jagua,2005,61.0,0.0,VALIDO
jagua,2006,78.0,0.0,VALIDO
jagua,2007,47.0,0.0,VALIDO
jagua,2008,70.0,0.0,VALIDO
jagua,2009,90.0,0.0,VALIDO
jagua,2010,62.0,0.0,VALIDO
jagua,2011,81.0,0.0,VALIDO
jagua,2012,42.0,0.5,VALIDO
jagua,2013,120.0,0.0,VALIDO
jagua,2014,53.0,0.5,VALIDO
jagua,2015,49.0,0.0,VALIDO
jagua,2016,56.0,0.0,VALIDO
jagua,2017,52.0,0.0,VALIDO
jagua,2018,48.0,0.0,VALIDO
jagua,2019,37.0,0.0,VALIDO
jagua,2020,52.0,0.0,VALIDO
jagua,2021,86.0,0.0,VALIDO
juncal,1971,65.7,0.0,VALIDO
juncal,1972,110.0,3.8,VALIDO
juncal,1973,80.4,9.0,VALIDO
juncal,1974,,14.2,DESCARTADO_OMM
juncal,1975,87.0,0.3,VALIDO
juncal,1976,80.5,0.0,VALIDO
juncal,1977,67.2,0.0,VALIDO
juncal,1978,56.4,7.7,VALIDO
juncal,1979,82.0,0.0,VALIDO
juncal,1980,69.1,0.5,VALIDO
juncal,1981,69.2,0.0,VALIDO
juncal,1982,85.8,0.0,VALIDO
juncal,1983,128.0,3.3,VALIDO
juncal,1984,67.9,4.6,VALIDO
juncal,1985,44.8,8.5,VALIDO
juncal,1986,61.3,4.1,VALIDO
juncal,1987,,10.7,DESCARTADO_OMM
juncal,1988,91.8,4.9,VALIDO
juncal,1989,96.0,6.8,VALIDO
juncal,1990,70.7,6.8,VALIDO
juncal,1991,91.2,1.1,VALIDO
juncal,1992,103.2,4.9,VALIDO
juncal,1993,94.5,9.3,VALIDO
juncal,1994,81.2,1.6,VALIDO
juncal,1995,66.6,0.0,VALIDO
juncal,1996,45.7,4.4,VALIDO
juncal,1997,85.0,3.3,VALIDO
juncal,1998,97.4,0.0,VALIDO
juncal,1999,150.3,6.6,VALIDO
juncal,2000,,10.9,DESCARTADO_OMM
juncal,2001,58.8,8.5,VALIDO
juncal,2002,,18.4,DESCARTADO_OMM
juncal,2003,83.0,8.5,VALIDO
juncal,2004,,33.3,DESCARTADO_OMM
juncal,2005,,52.3,DESCARTADO_OMM
juncal,2006,,17.5,DESCARTADO_OMM
juncal,2007,97.7,0.3,VALIDO
juncal,2008,149.0,0.3,VALIDO
juncal,2009,124.3,1.1,VALIDO
juncal,2010,74.8,0.0,VALIDO
juncal,2011,135.0,0.3,VALIDO
juncal,2012,130.0,1.1,VALIDO
juncal,2013,81.3,1.4,VALIDO
juncal,2014,110.0,1.6,VALIDO
juncal,2015,88.0,0.8,VALIDO
juncal,2016,93.6,0.0,VALIDO
juncal,2017,97.6,2.2,VALIDO
juncal,2018,65.7,1.4,VALIDO
juncal,2019,88.2,3.8,VALIDO
juncal,2020,,21.3,DESCARTADO_OMM
juncal,2021,,19.2,DESCARTADO_OMM
la argentina,1971,52.0,0.0,VALIDO
la argentina,1972,76.0,0.0,VALIDO
la argentina,1973,38.0,1.1,VALIDO
la argentina,1974,34.0,0.8,VALIDO
la argentina,1975,47.0,1.4,VALIDO
la argentina,1976,86.0,0.0,VALIDO
la argentina,1977,43.0,9.3,VALIDO
la argentina,1978,35.0,0.0,VALIDO
la argentina,1979,72.0,0.5,VALIDO
la argentina,1980,53.0,0.0,VALIDO
la argentina,1981,61.0,0.0,VALIDO
la argentina,1982,67.0,0.0,VALIDO
la argentina,1983,60.0,0.0,VALIDO
la argentina,1984,55.0,0.0,VALIDO
la argentina,1985,43.0,0.0,VALIDO
la argentina,1986,40.0,0.0,VALIDO
la argentina,1987,51.0,0.0,VALIDO
la argentina,1988,51.0,0.0,VALIDO
la argentina,1989,30.0,0.0,VALIDO
la argentina,1990,63.0,0.0,VALIDO
la argentina,1991,51.0,0.0,VALIDO
la argentina,1992,,38.8,DESCARTADO_OMM
la argentina,1993,56.0,0.0,VALIDO
la argentina,1994,34.0,0.0,VALIDO
la argentina,1995,45.0,0.0,VALIDO
la argentina,1996,91.0,0.0,VALIDO
la argentina,1997,50.0,0.0,VALIDO
la argentina,1998,44.0,0.0,VALIDO
la argentina,1999,44.0,0.0,VALIDO
la argentina,2000,55.0,0.0,VALIDO
la argentina,2001,43.0,0.0,VALIDO
la argentina,2002,50.0,0.0,VALIDO
la argentina,2003,34.0,0.0,VALIDO
la argentina,2004,33.0,0.0,VALIDO
la argentina,2005,42.0,0.0,VALIDO
la argentina,2006,47.0,0.0,VALIDO
la argentina,2007,120.0,0.0,VALIDO
la argentina,2008,43.0,0.0,VALIDO
la argentina,2009,39.0,0.0,VALIDO
la argentina,2010,42.0,0.0,VALIDO
la argentina,2011,35.0,0.3,VALIDO
la argentina,2012,47.0,0.3,VALIDO
la argentina,2013,65.0,1.1,VALIDO
la argentina,2014,60.0,0.0,VALIDO
la argentina,2015,54.0,0.3,VALIDO
la argentina,2016,90.0,0.8,VALIDO
la argentina,2017,90.0,1.1,VALIDO
la argentina,2018,50.0,2.5,VALIDO
la argentina,2019,,11.2,DESCARTADO_OMM
la argentina,2020,36.0,1.1,VALIDO
la argentina,2021,72.0,0.3,VALIDO
laguna,1971,54.0,3.6,VALIDO
laguna,1972,37.0,0.0,VALIDO
laguna,1973,39.0,0.0,VALIDO
laguna,1974,50.0,0.0,VALIDO
laguna,1975,70.0,0.0,VALIDO
laguna,1976,39.0,0.0,VALIDO
laguna,1977,38.0,1.6,VALIDO
laguna,1978,40.0,2.2,VALIDO
laguna,1979,50.0,0.0,VALIDO
laguna,1980,40.0,8.5,VALIDO
laguna,1981,42.0,0.0,VALIDO
laguna,1982,38.0,0.0,VALIDO
laguna,1983,45.0,0.0,VALIDO
laguna,1984,65.0,0.0,VALIDO
laguna,1985,50.0,0.0,VALIDO
laguna,1986,75.0,0.0,VALIDO
laguna,1987,72.0,0.0,VALIDO
laguna,1988,40.0,0.0,VALIDO
laguna,1989,57.0,0.0,VALIDO
laguna,1990,94.0,8.2,VALIDO
laguna,1991,56.0,0.0,VALIDO
laguna,1992,83.0,0.3,VALIDO
laguna,1993,45.0,0.0,VALIDO
laguna,1994,74.0,0.0,VALIDO
laguna,1995,65.0,0.0,VALIDO
laguna,1996,58.0,0.0,VALIDO
laguna,1997,37.0,0.0,VALIDO
laguna,1998,93.0,0.0,VALIDO
laguna,1999,58.0,0.0,VALIDO
laguna,2000,50.0,0.0,VALIDO
laguna,2001,82.0,0.0,VALIDO
laguna,2002,45.0,0.0,VALIDO
laguna,2003,30.0,0.0,VALIDO
laguna,2004,70.0,0.0,VALIDO
laguna,2005,40.0,0.0,VALIDO
laguna,2006,109.0,0.0,VALIDO
laguna,2007,63.0,0.0,VALIDO
laguna,2008,57.0,8.5,VALIDO
laguna,2009,40.0,0.0,VALIDO
laguna,2010,73.0,0.0,VALIDO
laguna,2011,65.0,0.0,VALIDO
laguna,2012,58.0,0.0,VALIDO
laguna,2013,47.0,0.0,VALIDO
laguna,2014,44.0,0.0,VALIDO
laguna,2015,45.0,0.0,VALIDO
laguna,2016,81.0,0.0,VALIDO
laguna,2017,43.0,0.0,VALIDO
laguna,2018,48.0,0.0,VALIDO
laguna,2019,45.0,0.0,VALIDO
laguna,2020,87.0,0.3,VALIDO
laguna,2021,70.0,0.0,VALIDO
legiosa,1971,,74.8,DESCARTADO_OMM
legiosa,1972,51.8,2.5,VALIDO
legiosa,1973,,15.9,DESCARTADO_OMM
legiosa,1974,,58.6,DESCARTADO_OMM
legiosa,1975,,36.7,DESCARTADO_OMM
legiosa,1976,,28.4,DESCARTADO_OMM
legiosa,1977,,22.7,DESCARTADO_OMM
legiosa,1978,,27.7,DESCARTADO_OMM
legiosa,1979,51.8,0.0,VALIDO
legiosa,1980,52.2,0.8,VALIDO
legiosa,1981,,17.5,DESCARTADO_OMM
legiosa,1982,,12.6,DESCARTADO_OMM
legiosa,1983,74.4,0.0,VALIDO
legiosa,1984,80.4,0.0,VALIDO
legiosa,1985,58.6,0.5,VALIDO
legiosa,1986,98.0,2.2,VALIDO
legiosa,1987,53.7,1.9,VALIDO
legiosa,1988,76.4,4.6,VALIDO
legiosa,1989,82.4,5.2,VALIDO
legiosa,1990,59.1,2.2,VALIDO
legiosa,1991,71.6,1.4,VALIDO
legiosa,1992,81.8,1.4,VALIDO
legiosa,1993,50.8,0.0,VALIDO
legiosa,1994,96.6,0.3,VALIDO
legiosa,1995,87.2,0.0,VALIDO
legiosa,1996,56.0,3.6,VALIDO
legiosa,1997,60.6,8.5,VALIDO
legiosa,1998,63.5,0.0,VALIDO
legiosa,1999,70.9,0.0,VALIDO
legiosa,2000,71.2,2.7,VALIDO
legiosa,2001,60.7,2.5,VALIDO
legiosa,2002,58.5,3.8,VALIDO
legiosa,2003,57.3,1.1,VALIDO
legiosa,2004,119.6,0.3,VALIDO
legiosa,2005,74.2,0.0,VALIDO
legiosa,2006,69.2,0.5,VALIDO
legiosa,2007,50.0,0.8,VALIDO
legiosa,2008,93.7,0.0,VALIDO
legiosa,2009,51.0,0.3,VALIDO
legiosa,2010,69.0,0.3,VALIDO
legiosa,2011,70.7,0.3,VALIDO
legiosa,2012,99.9,1.6,VALIDO
legiosa,2013,78.6,0.0,VALIDO
legiosa,2014,78.4,1.1,VALIDO
legiosa,2015,75.6,2.7,VALIDO
legiosa,2016,116.6,1.1,VALIDO
legiosa,2017,72.3,5.2,VALIDO
legiosa,2018,70.0,3.6,VALIDO
legiosa,2019,,11.8,DESCARTADO_OMM
legiosa,2020,88.1,1.6,VALIDO
legiosa,2021,64.3,4.1,VALIDO
mediania,1971,51.0,0.0,VALIDO
mediania,1972,61.0,0.0,VALIDO
mediania,1973,52.0,0.0,VALIDO
mediania,1974,68.0,0.0,VALIDO
mediania,1975,77.0,0.0,VALIDO
mediania,1976,45.0,8.5,VALIDO
mediania,1977,,16.7,DESCARTADO_OMM
mediania,1978,38.0,0.0,VALIDO
mediania,1979,68.0,0.0,VALIDO
mediania,1980,67.0,0.0,VALIDO
mediania,1981,46.0,0.0,VALIDO
mediania,1982,59.0,0.0,VALIDO
mediania,1983,69.0,0.0,VALIDO
mediania,1984,75.0,0.0,VALIDO
mediania,1985,40.0,0.3,VALIDO
mediania,1986,60.0,0.0,VALIDO
mediania,1987,45.0,0.0,VALIDO
mediania,1988,52.0,0.0,VALIDO
mediania,1989,80.0,0.0,VALIDO
mediania,1990,56.0,0.0,VALIDO
mediania,1991,90.0,0.0,VALIDO
mediania,1992,53.0,0.0,VALIDO
mediania,1993,44.0,0.0,VALIDO
mediania,1994,57.0,0.3,VALIDO
mediania,1995,50.0,0.0,VALIDO
mediania,1996,70.0,0.0,VALIDO
mediania,1997,49.0,0.0,VALIDO
mediania,1998,62.0,0.0,VALIDO
mediania,1999,64.0,0.0,VALIDO
mediania,2000,80.0,0.0,VALIDO
mediania,2001,,16.7,DESCARTADO_OMM
mediania,2002,100.0,0.0,VALIDO
mediania,2003,33.0,0.3,VALIDO
mediania,2004,80.0,0.0,VALIDO
mediania,2005,96.0,0.0,VALIDO
mediania,2006,134.0,0.3,VALIDO
mediania,2007,90.0,0.0,VALIDO
mediania,2008,60.0,0.0,VALIDO
mediania,2009,39.0,7.7,VALIDO
mediania,2010,47.0,0.0,VALIDO
mediania,2011,55.0,0.3,VALIDO
mediania,2012,43.0,0.0,VALIDO
mediania,2013,60.0,0.0,VALIDO
mediania,2014,35.0,0.5,VALIDO
mediania,2015,27.0,0.0,VALIDO
mediania,2016,40.0,0.5,VALIDO
mediania,2017,80.0,0.0,VALIDO
mediania,2018,25.0,0.0,VALIDO
mediania,2019,33.0,8.2,VALIDO
mediania,2020,90.0,0.3,VALIDO
mediania,2021,90.0,0.0,VALIDO
mesa redonda,1971,60.0,0.0,VALIDO
mesa redonda,1972,64.0,0.0,VALIDO
mesa redonda,1978,70.0,0.0,VALIDO
mesa redonda,1979,99.0,0.3,VALIDO
mesa redonda,1980,94.0,0.0,VALIDO
mesa redonda,1981,75.0,0.0,VALIDO
mesa redonda,1982,109.0,0.8,VALIDO
mesa redonda,1983,154.0,0.0,VALIDO
mesa redonda,1984,128.0,0.0,VALIDO
mesa redonda,1985,86.0,0.0,VALIDO
mesa redonda,1986,128.0,0.0,VALIDO
mesa redonda,1987,106.0,0.0,VALIDO
mesa redonda,1988,51.0,0.0,VALIDO
mesa redonda,1989,108.0,0.0,VALIDO
mesa redonda,1990,78.0,0.0,VALIDO
mesa redonda,1991,115.0,0.0,VALIDO
mesa redonda,1992,73.0,0.0,VALIDO
mesa redonda,1993,85.0,0.0,VALIDO
mesa redonda,1994,68.0,0.0,VALIDO
mesa redonda,1995,103.0,0.0,VALIDO
mesa redonda,1996,75.0,0.0,VALIDO
mesa redonda,1997,136.0,0.0,VALIDO
mesa redonda,1998,135.0,0.0,VALIDO
mesa redonda,1999,87.0,0.0,VALIDO
mesa redonda,2000,58.0,0.0,VALIDO
mesa redonda,2001,74.0,0.0,VALIDO
mesa redonda,2002,85.0,0.0,VALIDO
mesa redonda,2003,99.0,0.0,VALIDO
mesa redonda,2004,63.0,0.0,VALIDO
mesa redonda,2005,96.0,0.0,VALIDO
mesa redonda,2006,120.0,8.2,VALIDO
mesa redonda,2007,100.0,7.7,VALIDO
mesa redonda,2008,103.0,0.0,VALIDO
mesa redonda,2009,93.0,0.0,VALIDO
mesa redonda,2010,125.0,0.0,VALIDO
mesa redonda,2011,70.0,0.0,VALIDO
mesa redonda,2012,105.0,0.0,VALIDO
mesa redonda,2013,66.0,0.0,VALIDO
mesa redonda,2014,60.0,0.3,VALIDO
mesa redonda,2015,45.0,0.0,VALIDO
mesa redonda,2016,87.0,0.0,VALIDO
mesa redonda,2017,101.0,0.0,VALIDO
mesa redonda,2018,87.0,0.0,VALIDO
mesa redonda,2019,44.0,0.0,VALIDO
mesa redonda,2020,67.0,0.3,VALIDO
mesa redonda,2021,90.0,0.0,VALIDO
nataga,1971,,46.6,DESCARTADO_OMM
nataga,1972,75.0,0.0,VALIDO
nataga,1973,80.0,0.0,VALIDO
nataga,1974,111.0,0.0,VALIDO
nataga,1975,70.0,0.0,VALIDO
nataga,1976,99.0,0.0,VALIDO
nataga,1977,80.0,0.0,VALIDO
nataga,1978,66.0,0.0,VALIDO
nataga,1979,99.0,0.0,VALIDO
nataga,1980,65.0,8.5,VALIDO
nataga,1981,47.0,0.0,VALIDO
nataga,1982,84.0,0.0,VALIDO
nataga,1983,69.0,0.0,VALIDO
nataga,1984,55.0,3.6,VALIDO
nataga,1985,40.0,0.0,VALIDO
nataga,1986,45.0,0.0,VALIDO
nataga,1987,130.0,0.3,VALIDO
nataga,1988,80.0,0.0,VALIDO
nataga,1989,115.0,0.0,VALIDO
nataga,1990,135.0,1.1,VALIDO
nataga,1991,87.0,0.0,VALIDO
nataga,1992,100.0,0.5,VALIDO
nataga,1993,62.0,0.0,VALIDO
nataga,1994,130.0,3.3,VALIDO
nataga,1995,76.0,0.0,VALIDO
nataga,1996,100.0,0.0,VALIDO
nataga,1997,72.0,0.0,VALIDO
nataga,1998,77.0,0.0,VALIDO
nataga,1999,92.0,0.0,VALIDO
nataga,2000,88.0,0.0,VALIDO
nataga,2001,65.0,0.0,VALIDO
nataga,2002,109.6,0.0,VALIDO
nataga,2003,68.5,0.0,VALIDO
nataga,2004,96.7,0.0,VALIDO
nataga,2005,70.1,0.0,VALIDO
nataga,2006,61.4,0.0,VALIDO
nataga,2007,70.2,0.0,VALIDO
nataga,2008,66.3,0.0,VALIDO
nataga,2009,75.1,0.0,VALIDO
nataga,2010,132.0,0.0,VALIDO
nataga,2011,75.0,0.0,VALIDO
nataga,2012,117.0,0.0,VALIDO
nataga,2013,70.0,0.0,VALIDO
nataga,2014,88.0,0.0,VALIDO
nataga,2015,90.0,0.0,VALIDO
nataga,2016,72.0,0.0,VALIDO
nataga,2017,98.0,0.0,VALIDO
nataga,2018,68.0,0.0,VALIDO
nataga,2019,68.0,0.0,VALIDO
nataga,2020,78.0,0.0,VALIDO
nataga,2021,90.0,0.0,VALIDO
neiva granja,1971,115.5,0.0,VALIDO
neiva granja,1972,103.5,1.4,VALIDO
neiva granja,1973,83.8,0.0,VALIDO
neiva granja,1974,101.8,0.0,VALIDO
neiva granja,1975,,36.7,DESCARTADO_OMM
neiva granja,1976,52.0,0.0,VALIDO
neiva granja,1977,50.0,0.0,VALIDO
neiva granja,1978,45.0,0.0,VALIDO
neiva granja,1979,140.0,0.0,VALIDO
neiva granja,1980,80.0,0.0,VALIDO
neiva granja,1981,58.0,0.0,VALIDO
neiva granja,1982,47.0,0.0,VALIDO
neiva granja,1983,65.0,0.0,VALIDO
neiva granja,1984,60.0,0.0,VALIDO
neiva granja,1985,42.0,0.0,VALIDO
neiva granja,1986,35.0,0.0,VALIDO
neiva granja,1987,43.0,0.0,VALIDO
neiva granja,1988,78.0,0.0,VALIDO
neiva granja,1989,35.0,0.0,VALIDO
neiva granja,1990,43.0,0.0,VALIDO
neiva granja,1991,35.0,0.0,VALIDO
neiva granja,1992,32.0,0.0,VALIDO
neiva granja,1993,40.0,0.0,VALIDO
neiva granja,1994,87.0,0.0,VALIDO
neiva granja,1995,40.0,0.0,VALIDO
neiva granja,1996,55.0,0.0,VALIDO
neiva granja,1997,90.0,0.0,VALIDO
neiva granja,1998,28.0,0.0,VALIDO
neiva granja,1999,48.0,0.0,VALIDO
neiva granja,2000,73.0,0.0,VALIDO
neiva granja,2001,75.0,0.0,VALIDO
neiva granja,2002,37.0,0.0,VALIDO
neiva granja,2003,115.0,0.0,VALIDO
neiva granja,2004,60.0,0.0,VALIDO
neiva granja,2005,45.0,0.0,VALIDO
neiva granja,2006,60.0,0.0,VALIDO
neiva granja,2007,80.0,0.0,VALIDO
neiva granja,2008,99.0,0.0,VALIDO
neiva granja,2009,55.0,0.0,VALIDO
neiva granja,2010,80.0,0.0,VALIDO
neiva granja,2011,130.0,0.0,VALIDO
neiva granja,2012,121.0,0.0,VALIDO
neiva granja,2013,105.0,0.0,VALIDO
neiva granja,2014,77.0,0.0,VALIDO
neiva granja,2015,89.0,0.0,VALIDO
neiva granja,2016,64.0,0.0,VALIDO
neiva granja,2017,99.0,0.0,VALIDO
neiva granja,2018,96.0,0.0,VALIDO
neiva granja,2019,89.0,0.0,VALIDO
neiva granja,2020,112.0,0.0,VALIDO
palermo,1971,,76.2,DESCARTADO_OMM
palermo,1972,,12.3,DESCARTADO_OMM
palermo,1973,93.0,0.0,VALIDO
palermo,1974,108.0,0.0,VALIDO
palermo,1975,,31.0,DESCARTADO_OMM
palermo,1976,,27.3,DESCARTADO_OMM
palermo,1977,68.0,0.0,VALIDO
palermo,1978,91.0,0.0,VALIDO
palermo,1979,83.0,8.2,VALIDO
palermo,1980,85.0,8.5,VALIDO
palermo,1981,98.0,4.9,VALIDO
palermo,1982,90.0,0.0,VALIDO
palermo,1983,89.0,0.0,VALIDO
palermo,1984,100.0,0.0,VALIDO
palermo,1985,99.0,0.0,VALIDO
palermo,1986,97.0,0.0,VALIDO
palermo,1987,105.0,0.0,VALIDO
palermo,1988,85.0,0.0,VALIDO
palermo,1989,70.0,0.0,VALIDO
palermo,1990,,12.9,DESCARTADO_OMM
palermo,1991,66.0,0.0,VALIDO
palermo,1992,82.0,0.0,VALIDO
palermo,1993,73.0,0.3,VALIDO
palermo,1994,80.0,0.0,VALIDO
palermo,1995,95.0,0.0,VALIDO
palermo,1996,100.0,0.0,VALIDO
palermo,1997,81.0,0.0,VALIDO
palermo,1998,82.0,0.0,VALIDO
palermo,1999,70.0,0.0,VALIDO
palermo,2000,80.0,0.0,VALIDO
palermo,2001,110.0,0.0,VALIDO
palermo,2002,80.0,0.0,VALIDO
palermo,2003,115.0,0.0,VALIDO
palermo,2004,82.0,0.0,VALIDO
palermo,2005,73.0,0.0,VALIDO
palermo,2006,77.0,0.0,VALIDO
palermo,2007,117.0,0.0,VALIDO
palermo,2008,89.0,0.0,VALIDO
palermo,2009,72.5,8.5,VALIDO
palermo,2010,69.0,0.3,VALIDO
palermo,2011,92.0,0.0,VALIDO
palermo,2012,65.0,0.0,VALIDO
palermo,2013,55.0,0.0,VALIDO
palermo,2014,75.0,0.0,VALIDO
palermo,2015,85.0,0.0,VALIDO
palermo,2016,92.0,0.0,VALIDO
palermo,2017,80.0,1.1,VALIDO
palermo,2018,110.0,0.8,VALIDO
palermo,2019,70.0,1.4,VALIDO
palermo,2020,9.0,1.6,VALIDO
palermo,2021,56.0,0.0,VALIDO
palestina,1971,,16.2,DESCARTADO_OMM
palestina,1972,53.0,0.0,VALIDO
palestina,1973,25.0,0.0,VALIDO
palestina,1974,35.0,0.0,VALIDO
palestina,1975,24.0,0.0,VALIDO
palestina,1976,17.0,0.0,VALIDO
palestina,1977,11.0,0.0,VALIDO
palestina,1978,28.0,0.0,VALIDO
palestina,1979,71.0,0.0,VALIDO
palestina,1980,20.0,0.8,VALIDO
palestina,1981,40.0,0.0,VALIDO
palestina,1982,28.0,0.0,VALIDO
palestina,1983,22.0,0.3,VALIDO
palestina,1984,30.0,0.5,VALIDO
palestina,1985,,33.7,DESCARTADO_OMM
palestina,1986,50.0,0.3,VALIDO
palestina,1987,70.0,0.0,VALIDO
palestina,1988,35.0,0.0,VALIDO
palestina,1989,70.0,0.0,VALIDO
palestina,1990,,10.1,DESCARTADO_OMM
palestina,1991,120.0,0.0,VALIDO
palestina,1992,35.0,0.0,VALIDO
palestina,1993,45.0,0.0,VALIDO
palestina,1994,60.0,0.0,VALIDO
palestina,1995,50.0,0.0,VALIDO
palestina,1996,71.0,0.0,VALIDO
palestina,1997,66.0,0.0,VALIDO
palestina,1998,60.0,0.0,VALIDO
palestina,1999,60.0,0.0,VALIDO
palestina,2000,58.0,0.0,VALIDO
palestina,2001,50.0,0.0,VALIDO
palestina,2002,50.0,0.0,VALIDO
palestina,2003,70.0,0.0,VALIDO
palestina,2004,57.0,0.0,VALIDO
palestina,2005,69.0,0.0,VALIDO
palestina,2006,50.0,0.0,VALIDO
palestina,2007,50.0,0.0,VALIDO
palestina,2008,70.0,0.0,VALIDO
palestina,2009,70.0,8.5,VALIDO
palestina,2010,100.0,0.0,VALIDO
palestina,2011,54.0,0.0,VALIDO
palestina,2012,,27.6,DESCARTADO_OMM
palestina,2013,112.0,1.1,VALIDO
palestina,2014,68.0,1.1,VALIDO
palestina,2015,35.0,1.1,VALIDO
palestina,2016,80.0,1.6,VALIDO
palestina,2017,65.0,0.5,VALIDO
palestina,2018,93.0,0.0,VALIDO
palestina,2019,47.0,0.5,VALIDO
palestina,2020,40.0,0.5,VALIDO
palestina,2021,58.0,0.5,VALIDO
san agustin,1971,,41.6,DESCARTADO_OMM
san agustin,1972,44.6,0.3,VALIDO
san agustin,1973,34.1,8.5,VALIDO
san agustin,1974,44.8,0.3,VALIDO
san agustin,1975,38.5,0.0,VALIDO
san agustin,1976,30.8,0.3,VALIDO
san agustin,1977,,24.7,DESCARTADO_OMM
san agustin,1978,38.6,0.0,VALIDO
san agustin,1979,51.6,0.0,VALIDO
san agustin,1980,51.3,8.5,VALIDO
san agustin,1981,56.3,0.0,VALIDO
san agustin,1982,91.5,0.0,VALIDO
san agustin,1983,67.8,0.0,VALIDO
san agustin,1984,38.2,0.0,VALIDO
san agustin,1985,48.7,0.0,VALIDO
san agustin,1986,36.2,8.5,VALIDO
san agustin,1987,68.5,0.0,VALIDO
san agustin,1988,49.6,0.0,VALIDO
san agustin,1989,65.8,2.2,VALIDO
san agustin,1990,41.7,8.5,VALIDO
san agustin,1991,50.8,0.0,VALIDO
san agustin,1992,53.8,0.0,VALIDO
san agustin,1993,62.1,0.0,VALIDO
san agustin,1994,59.3,0.0,VALIDO
san agustin,1995,43.9,0.0,VALIDO
san agustin,1996,58.6,0.0,VALIDO
san agustin,1997,49.0,0.8,VALIDO
san agustin,1998,52.8,0.0,VALIDO
san agustin,1999,74.8,0.0,VALIDO
san agustin,2000,43.3,0.0,VALIDO
san agustin,2001,36.2,0.0,VALIDO
san agustin,2002,51.6,0.0,VALIDO
san agustin,2003,59.1,0.0,VALIDO
san agustin,2004,56.3,0.0,VALIDO
san agustin,2005,61.4,0.0,VALIDO
san agustin,2006,66.0,0.0,VALIDO
san agustin,2007,55.0,0.0,VALIDO
san agustin,2008,57.0,1.1,VALIDO
san agustin,2009,38.0,0.0,VALIDO
san agustin,2010,77.6,0.0,VALIDO
san agustin,2011,68.0,0.0,VALIDO
san agustin,2012,36.0,0.8,VALIDO
san agustin,2013,44.5,8.5,VALIDO
san agustin,2014,66.0,0.0,VALIDO
san agustin,2015,63.0,0.0,VALIDO
san agustin,2016,62.4,0.0,VALIDO
san agustin,2017,68.7,2.5,VALIDO
san agustin,2018,83.0,0.0,VALIDO
san agustin,2019,48.4,0.0,VALIDO
san agustin,2020,47.0,0.0,VALIDO
san agustin,2021,38.7,0.0,VALIDO
santa maria,1971,,75.3,DESCARTADO_OMM
santa maria,1972,55.5,0.0,VALIDO
santa maria,1973,72.4,0.0,VALIDO
santa maria,1974,74.3,0.0,VALIDO
santa maria,1975,67.0,1.4,VALIDO
santa maria,1976,54.5,1.1,VALIDO
santa maria,1977,,17.8,DESCARTADO_OMM
santa maria,1978,,32.9,DESCARTADO_OMM
santa maria,1979,76.5,7.7,VALIDO
santa maria,1980,54.6,7.4,VALIDO
santa maria,1981,,10.7,DESCARTADO_OMM
santa maria,1982,111.4,5.8,VALIDO
santa maria,1983,,28.2,DESCARTADO_OMM
santa maria,1984,,13.4,DESCARTADO_OMM
santa maria,1985,50.4,0.0,VALIDO
santa maria,1986,,26.3,DESCARTADO_OMM
santa maria,1987,72.8,8.5,VALIDO
santa maria,1988,,10.1,DESCARTADO_OMM
santa maria,1989,,29.3,DESCARTADO_OMM
santa maria,1990,52.5,1.4,VALIDO
santa maria,1991,57.8,0.5,VALIDO
santa maria,1992,98.1,4.9,VALIDO
santa maria,1993,65.5,1.1,VALIDO
santa maria,1994,,58.6,DESCARTADO_OMM
santa maria,1995,,16.2,DESCARTADO_OMM
santa maria,1996,67.0,0.3,VALIDO
santa maria,1997,,25.2,DESCARTADO_OMM
santa maria,1998,,85.5,DESCARTADO_OMM
santa maria,2001,,32.9,DESCARTADO_OMM
santa maria,2002,57.5,0.0,VALIDO
santa maria,2003,62.8,0.5,VALIDO
santa maria,2004,70.1,0.0,VALIDO
santa maria,2005,96.0,0.3,VALIDO
santa maria,2006,77.4,0.0,VALIDO
santa maria,2007,69.3,0.0,VALIDO
santa maria,2008,87.7,0.0,VALIDO
santa maria,2009,72.3,0.0,VALIDO
santa maria,2010,64.5,0.0,VALIDO
santa maria,2011,75.5,0.0,VALIDO
santa maria,2012,60.7,0.0,VALIDO
santa maria,2013,100.8,0.0,VALIDO
santa maria,2014,46.5,0.0,VALIDO
santa maria,2015,53.7,0.0,VALIDO
santa maria,2016,71.0,0.0,VALIDO
santa maria,2017,100.4,0.0,VALIDO
santa maria,2018,74.5,0.0,VALIDO
santa maria,2019,69.0,0.0,VALIDO
santa maria,2020,,10.1,DESCARTADO_OMM
santa maria,2021,,32.1,DESCARTADO_OMM
tesalia,1971,,25.8,DESCARTADO_OMM
tesalia,1972,110.0,0.0,VALIDO
tesalia,1973,90.0,0.0,VALIDO
tesalia,1974,90.0,0.0,VALIDO
tesalia,1975,82.0,0.0,VALIDO
tesalia,1976,102.0,0.0,VALIDO
tesalia,1977,69.0,0.0,VALIDO
tesalia,1978,120.0,0.0,VALIDO
tesalia,1979,93.0,1.9,VALIDO
tesalia,1980,103.0,0.0,VALIDO
tesalia,1981,62.0,0.0,VALIDO
tesalia,1982,83.0,0.0,VALIDO
tesalia,1983,88.0,0.0,VALIDO
tesalia,1984,93.0,0.0,VALIDO
tesalia,1985,,77.0,DESCARTADO_OMM
tesalia,1987,,34.2,DESCARTADO_OMM
tesalia,1988,94.4,0.0,VALIDO
tesalia,1989,88.8,2.5,VALIDO
tesalia,1990,98.0,0.0,VALIDO
tesalia,1991,72.9,0.0,VALIDO
tesalia,1992,72.0,0.0,VALIDO
tesalia,1993,105.0,0.3,VALIDO
tesalia,1994,133.0,0.0,VALIDO
tesalia,1995,70.2,0.0,VALIDO
tesalia,1996,96.7,8.5,VALIDO
tesalia,1997,104.2,0.0,VALIDO
tesalia,1998,88.5,0.0,VALIDO
tesalia,1999,86.0,0.0,VALIDO
tesalia,2000,82.5,0.0,VALIDO
tesalia,2001,62.6,0.0,VALIDO
tesalia,2002,128.9,0.0,VALIDO
tesalia,2003,78.4,0.0,VALIDO
tesalia,2004,116.8,0.0,VALIDO
tesalia,2005,103.6,0.0,VALIDO
tesalia,2006,82.5,2.2,VALIDO
tesalia,2007,90.0,0.0,VALIDO
tesalia,2008,113.0,0.0,VALIDO
tesalia,2009,95.6,0.0,VALIDO
tesalia,2010,93.7,0.0,VALIDO
tesalia,2011,78.0,0.0,VALIDO
tesalia,2012,96.0,0.0,VALIDO
tesalia,2013,92.0,0.0,VALIDO
tesalia,2014,96.0,0.0,VALIDO
tesalia,2015,148.0,0.0,VALIDO
tesalia,2016,89.0,0.0,VALIDO
tesalia,2017,84.0,0.3,VALIDO
tesalia,2018,78.0,0.0,VALIDO
tesalia,2019,85.0,0.3,VALIDO
tesalia,2020,108.0,0.0,VALIDO
tesalia,2021,84.0,0.0,VALIDO
villa_vieja,1971,85.0,0.0,VALIDO
villa_vieja,1972,120.0,0.0,VALIDO
villa_vieja,1973,100.0,0.0,VALIDO
villa_vieja,1974,120.0,0.0,VALIDO
villa_vieja,1975,107.0,0.0,VALIDO
villa_vieja,1976,67.0,0.0,VALIDO
villa_vieja,1977,82.0,0.0,VALIDO
villa_vieja,1978,63.0,0.0,VALIDO
villa_vieja,1979,90.0,0.0,VALIDO
villa_vieja,1980,103.0,0.0,VALIDO
villa_vieja,1981,105.0,0.0,VALIDO
villa_vieja,1982,108.0,0.0,VALIDO
villa_vieja,1983,101.0,0.0,VALIDO
villa_vieja,1984,129.0,0.0,VALIDO
villa_vieja,1985,78.0,0.0,VALIDO
villa_vieja,1986,122.0,0.0,VALIDO
villa_vieja,1987,76.0,0.0,VALIDO
villa_vieja,1988,85.0,0.0,VALIDO
villa_vieja,1989,113.0,0.0,VALIDO
villa_vieja,1990,106.0,0.0,VALIDO
villa_vieja,1991,62.0,0.0,VALIDO
villa_vieja,1992,94.0,0.0,VALIDO
villa_vieja,1993,102.0,0.0,VALIDO
villa_vieja,1994,64.0,0.0,VALIDO
villa_vieja,1995,94.0,0.0,VALIDO
villa_vieja,1996,71.0,0.0,VALIDO
villa_vieja,1997,71.0,0.0,VALIDO
villa_vieja,1998,135.0,0.0,VALIDO
villa_vieja,1999,110.0,0.0,VALIDO
villa_vieja,2000,81.0,0.0,VALIDO
villa_vieja,2001,61.0,0.0,VALIDO
villa_vieja,2002,110.0,0.0,VALIDO
villa_vieja,2003,98.0,0.0,VALIDO
villa_vieja,2004,84.0,0.0,VALIDO
villa_vieja,2005,135.0,0.0,VALIDO
villa_vieja,2006,109.0,0.0,VALIDO
villa_vieja,2007,81.0,0.0,VALIDO
villa_vieja,2008,76.0,0.0,VALIDO
villa_vieja,2009,106.0,0.0,VALIDO
villa_vieja,2010,111.0,0.0,VALIDO
villa_vieja,2011,103.0,0.0,VALIDO
villa_vieja,2012,135.0,0.0,VALIDO
villa_vieja,2013,104.0,0.0,VALIDO
villa_vieja,2014,64.0,0.0,VALIDO
villa_vieja,2015,79.0,0.0,VALIDO
villa_vieja,2016,85.0,0.0,VALIDO
villa_vieja,2017,77.0,0.0,VALIDO
villa_vieja,2018,114.0,0.0,VALIDO
villa_vieja,2019,69.0,0.0,VALIDO
villa_vieja,2020,78.0,0.0,VALIDO
villa_vieja,2021,119.0,0.0,VALIDO
yaguara,1971,85.0,0.0,VALIDO
yaguara,1972,,61.2,DESCARTADO_OMM
yaguara,1973,,37.0,DESCARTADO_OMM
yaguara,1974,,46.6,DESCARTADO_OMM
yaguara,1975,,16.7,DESCARTADO_OMM
yaguara,1976,60.0,0.0,VALIDO
yaguara,1977,84.0,0.0,VALIDO
yaguara,1978,90.0,0.0,VALIDO
yaguara,1979,90.0,0.0,VALIDO
yaguara,1980,,20.5,DESCARTADO_OMM
yaguara,1981,81.0,0.0,VALIDO
yaguara,1982,120.0,1.4,VALIDO
yaguara,1983,100.0,0.0,VALIDO
yaguara,1984,110.0,0.0,VALIDO
yaguara,1985,55.0,0.0,VALIDO
yaguara,1986,90.0,0.0,VALIDO
yaguara,1987,135.0,0.0,VALIDO
yaguara,1988,76.8,0.0,VALIDO
yaguara,1989,,17.0,DESCARTADO_OMM
yaguara,1990,,16.2,DESCARTADO_OMM
yaguara,1991,94.7,0.0,VALIDO
yaguara,1992,71.6,0.0,VALIDO
yaguara,1993,105.6,0.0,VALIDO
yaguara,1994,137.0,0.0,VALIDO
yaguara,1995,78.5,0.0,VALIDO
yaguara,1996,114.6,0.0,VALIDO
yaguara,1997,68.8,0.0,VALIDO
yaguara,1998,80.7,0.0,VALIDO
yaguara,1999,111.9,0.0,VALIDO
yaguara,2000,78.6,0.0,VALIDO
yaguara,2001,70.5,0.0,VALIDO
yaguara,2002,79.3,0.0,VALIDO
yaguara,2003,91.7,0.0,VALIDO
yaguara,2004,98.5,0.0,VALIDO
yaguara,2005,78.9,0.0,VALIDO
yaguara,2006,97.3,0.0,VALIDO
yaguara,2007,74.5,0.3,VALIDO
yaguara,2008,64.7,0.0,VALIDO
yaguara,2009,126.2,0.0,VALIDO
yaguara,2010,90.0,0.0,VALIDO
yaguara,2011,81.0,0.0,VALIDO
yaguara,2012,88.0,0.0,VALIDO
yaguara,2013,80.0,0.0,VALIDO
yaguara,2014,57.0,0.0,VALIDO
yaguara,2015,58.0,0.0,VALIDO
yaguara,2016,125.0,0.0,VALIDO
yaguara,2017,83.0,0.0,VALIDO
yaguara,2018,90.0,0.0,VALIDO
yaguara,2019,81.0,0.0,VALIDO
yaguara,2020,81.0,8.5,VALIDO
yaguara,2021,,11.8,DESCARTADO_OMM
